"other_allele.exposure","effect_allele.exposure","beta.exposure","se.exposure","eaf.exposure","samplesize.exposure","SNP","exposure","mr_keep.exposure","pval.exposure","pval_origin.exposure","id.exposure","data_source.exposure"
"T","G",-0.0168,0.003,0.5333,339152,"rs977747","exposure",TRUE,2.14351805166219e-08,"inferred","Bvy1UJ","textfile"
"A","G",-0.0227,0.0031,0.5833,318585,"rs657452","exposure",TRUE,2.4324704122503e-13,"inferred","Bvy1UJ","textfile"
"T","C",0.0331,0.003,0.6083,338123,"rs7531118","exposure",TRUE,2.6389884208914e-28,"inferred","Bvy1UJ","textfile"
"T","C",0.0201,0.0031,0.425,339065,"rs17381664","exposure",TRUE,8.93986857881412e-11,"inferred","Bvy1UJ","textfile"
"C","T",0.0221,0.003,0.575,337797,"rs11165643","exposure",TRUE,1.74947189201533e-13,"inferred","Bvy1UJ","textfile"
"C","T",0.0659,0.0087,0.0339,313621,"rs7550711","exposure",TRUE,3.59923406246439e-14,"inferred","Bvy1UJ","textfile"
"A","G",0.0497,0.0037,0.2667,339078,"rs543874","exposure",TRUE,3.90374865499541e-41,"inferred","Bvy1UJ","textfile"
"T","C",0.0182,0.0029,0.5083,333818,"rs1032524","exposure",TRUE,3.47702326943209e-10,"inferred","Bvy1UJ","textfile"
"A","G",0.0604,0.0039,0.875,333169,"rs13021737","exposure",TRUE,4.23464816233369e-54,"inferred","Bvy1UJ","textfile"
"A","G",0.0309,0.0029,0.5,338829,"rs10182181","exposure",TRUE,1.64938751660794e-26,"inferred","Bvy1UJ","textfile"
"T","C",0.0207,0.0036,0.5,235995,"rs12986742","exposure",TRUE,8.92434490780322e-09,"inferred","Bvy1UJ","textfile"
"T","C",-0.0228,0.0033,0.675,339033,"rs1016287","exposure",TRUE,4.87769320323165e-12,"inferred","Bvy1UJ","textfile"
"T","C",0.0279,0.0049,0.125,218359,"rs2890652","exposure",TRUE,1.24186163137658e-08,"inferred","Bvy1UJ","textfile"
"T","C",0.0209,0.0038,0.2167,339157,"rs1460676","exposure",TRUE,3.79791249317754e-08,"inferred","Bvy1UJ","textfile"
"C","T",0.0175,0.003,0.5833,338993,"rs1528435","exposure",TRUE,5.43308747417622e-09,"inferred","Bvy1UJ","textfile"
"A","G",0.0211,0.0038,0.2,333383,"rs17203016","exposure",TRUE,2.81400752314046e-08,"inferred","Bvy1UJ","textfile"
"G","A",-0.0214,0.0033,0.2917,338186,"rs7599312","exposure",TRUE,8.88209992612339e-11,"inferred","Bvy1UJ","textfile"
"G","A",0.0164,0.0029,0.4833,339118,"rs6713510","exposure",TRUE,1.55689906287694e-08,"inferred","Bvy1UJ","textfile"
"A","G",0.0183,0.003,0.575,338525,"rs6804842","exposure",TRUE,1.06068465258977e-09,"inferred","Bvy1UJ","textfile"
"C","T",-0.0195,0.003,0.3417,331668,"rs2365389","exposure",TRUE,8.03200116771824e-11,"inferred","Bvy1UJ","textfile"
"C","A",0.0183,0.0033,0.3667,294030,"rs3849570","exposure",TRUE,2.93191497529361e-08,"inferred","Bvy1UJ","textfile"
"T","G",0.029,0.0038,0.1833,339205,"rs13078960","exposure",TRUE,2.31895760292491e-14,"inferred","Bvy1UJ","textfile"
"G","T",0.0478,0.0075,0.0917,236091,"rs16851483","exposure",TRUE,1.84963266031047e-10,"inferred","Bvy1UJ","textfile"
"T","C",0.0448,0.0044,0.9083,337708,"rs1516725","exposure",TRUE,2.39052436017757e-24,"inferred","Bvy1UJ","textfile"
"A","G",0.0399,0.003,0.4333,337092,"rs10938397","exposure",TRUE,2.31468325673812e-40,"inferred","Bvy1UJ","textfile"
"C","G",0.0304,0.0052,0.1583,235884,"rs17001654","exposure",TRUE,5.03068811238534e-09,"inferred","Bvy1UJ","textfile"
"C","T",0.0472,0.0066,0.1167,335619,"rs13107325","exposure",TRUE,8.58252451514394e-13,"inferred","Bvy1UJ","textfile"
"T","C",-0.0365,0.0063,0.075,311073,"rs11727676","exposure",TRUE,6.88725891903802e-09,"inferred","Bvy1UJ","textfile"
"T","G",-0.0254,0.003,0.375,339082,"rs2112347","exposure",TRUE,2.5251540927695e-17,"inferred","Bvy1UJ","textfile"
"G","T",-0.0168,0.0029,0.55,339153,"rs7715256","exposure",TRUE,6.90975160933045e-09,"inferred","Bvy1UJ","textfile"
"A","G",0.021,0.0033,0.2667,331710,"rs205262","exposure",TRUE,1.97032303253729e-10,"inferred","Bvy1UJ","textfile"
"C","T",0.0444,0.0038,0.1,339197,"rs943005","exposure",TRUE,1.53499166261843e-31,"inferred","Bvy1UJ","textfile"
"G","T",0.0175,0.0032,0.6917,339072,"rs3800229","exposure",TRUE,4.53220470669938e-08,"inferred","Bvy1UJ","textfile"
"C","T",0.0196,0.0034,0.7417,339068,"rs9374842","exposure",TRUE,8.18003665316796e-09,"inferred","Bvy1UJ","textfile"
"A","G",0.0236,0.0043,0.0833,339026,"rs13201877","exposure",TRUE,4.05654848484634e-08,"inferred","Bvy1UJ","textfile"
"A","G",-0.0285,0.0047,0.2,338058,"rs13191362","exposure",TRUE,1.32917822941293e-09,"inferred","Bvy1UJ","textfile"
"A","G",0.02,0.0031,0.5417,323308,"rs1167827","exposure",TRUE,1.10665957074827e-10,"inferred","Bvy1UJ","textfile"
"G","A",-0.0225,0.0033,0.3167,339150,"rs2588785","exposure",TRUE,9.21999103859309e-12,"inferred","Bvy1UJ","textfile"
"T","C",-0.017,0.0029,0.4667,338930,"rs4740619","exposure",TRUE,4.57135073311002e-09,"inferred","Bvy1UJ","textfile"
"A","G",0.0247,0.0032,0.2917,339128,"rs10968576","exposure",TRUE,1.17476060278069e-14,"inferred","Bvy1UJ","textfile"
"C","T",-0.0169,0.003,0.6417,339115,"rs6477694","exposure",TRUE,1.76759337427355e-08,"inferred","Bvy1UJ","textfile"
"T","C",-0.0182,0.0029,0.425,337265,"rs1928295","exposure",TRUE,3.47702326943209e-10,"inferred","Bvy1UJ","textfile"
"A","G",-0.0188,0.003,0.575,336886,"rs10733682","exposure",TRUE,3.68858563638787e-10,"inferred","Bvy1UJ","textfile"
"A","G",0.0379,0.0067,0.05,338835,"rs7899106","exposure",TRUE,1.54296386347561e-08,"inferred","Bvy1UJ","textfile"
"T","C",0.0249,0.0037,0.2083,338823,"rs17094222","exposure",TRUE,1.69978518774974e-11,"inferred","Bvy1UJ","textfile"
"C","T",-0.0235,0.0033,0.25,339198,"rs7903146","exposure",TRUE,1.06981992920176e-12,"inferred","Bvy1UJ","textfile"
"A","G",0.0206,0.003,0.725,339135,"rs10840100","exposure",TRUE,6.57193862252921e-12,"inferred","Bvy1UJ","textfile"
"A","C",0.0408,0.0036,0.7833,338843,"rs2030323","exposure",TRUE,8.97238501073612e-30,"inferred","Bvy1UJ","textfile"
"T","C",-0.0185,0.0033,0.8,333918,"rs2176598","exposure",TRUE,2.06983510203154e-08,"inferred","Bvy1UJ","textfile"
"C","A",0.0252,0.0029,0.45,339048,"rs7124681","exposure",TRUE,3.6354123156869e-18,"inferred","Bvy1UJ","textfile"
"A","G",0.0211,0.0029,0.4333,337453,"rs12286929","exposure",TRUE,3.44215153062566e-13,"inferred","Bvy1UJ","textfile"
"G","A",0.032,0.003,0.4417,339162,"rs7138803","exposure",TRUE,1.45761965628696e-26,"inferred","Bvy1UJ","textfile"
"G","A",-0.0304,0.0053,0.0917,328905,"rs11057405","exposure",TRUE,9.70250442129897e-09,"inferred","Bvy1UJ","textfile"
"G","C",0.0295,0.0046,0.2333,235969,"rs9579083","exposure",TRUE,1.42642816547545e-10,"inferred","Bvy1UJ","textfile"
"G","A",0.0324,0.0044,0.1,330001,"rs12429545","exposure",TRUE,1.7896679701729e-13,"inferred","Bvy1UJ","textfile"
"A","G",-0.0182,0.0031,0.55,336023,"rs9540493","exposure",TRUE,4.33258575167974e-09,"inferred","Bvy1UJ","textfile"
"G","A",0.0172,0.0031,0.55,326858,"rs1441264","exposure",TRUE,2.88316973479252e-08,"inferred","Bvy1UJ","textfile"
"C","A",-0.0221,0.0033,0.3333,338856,"rs10132280","exposure",TRUE,2.12785723554731e-11,"inferred","Bvy1UJ","textfile"
"G","T",0.0274,0.0035,0.275,338347,"rs7144011","exposure",TRUE,4.93444578685635e-15,"inferred","Bvy1UJ","textfile"
"A","G",-0.016,0.0029,0.575,338449,"rs3736485","exposure",TRUE,3.44362307522138e-08,"inferred","Bvy1UJ","textfile"
"C","T",-0.0307,0.0035,0.2167,338200,"rs13329567","exposure",TRUE,1.7641360273811e-18,"inferred","Bvy1UJ","textfile"
"G","A",0.0246,0.0037,0.225,330330,"rs12448257","exposure",TRUE,2.95796151201193e-11,"inferred","Bvy1UJ","textfile"
"C","T",0.0244,0.0039,0.5917,235997,"rs879620","exposure",TRUE,3.93939621388591e-10,"inferred","Bvy1UJ","textfile"
"T","C",-0.0249,0.0038,0.2083,333191,"rs9926784","exposure",TRUE,5.65318686019594e-11,"inferred","Bvy1UJ","textfile"
"C","A",0.0311,0.003,0.3583,338077,"rs3888190","exposure",TRUE,3.5157524625632e-25,"inferred","Bvy1UJ","textfile"
"A","G",-0.0187,0.003,0.3583,338949,"rs4889606","exposure",TRUE,4.56613122576263e-10,"inferred","Bvy1UJ","textfile"
"T","A",0.0809,0.003,0.45,336974,"rs1558902","exposure",TRUE,3.63749768391096e-160,"inferred","Bvy1UJ","textfile"
"C","G",0.0201,0.0036,0.1667,338177,"rs9914578","exposure",TRUE,2.35951889941825e-08,"inferred","Bvy1UJ","textfile"
"A","G",-0.0183,0.0029,0.4583,338448,"rs12939549","exposure",TRUE,2.78414436916877e-10,"inferred","Bvy1UJ","textfile"
"C","T",0.0209,0.0037,0.325,236115,"rs891389","exposure",TRUE,1.6171398483876e-08,"inferred","Bvy1UJ","textfile"
"G","A",0.0549,0.0034,0.2833,332575,"rs663129","exposure",TRUE,1.19107049179581e-58,"inferred","Bvy1UJ","textfile"
"T","C",-0.0371,0.005,0.1333,336765,"rs17066856","exposure",TRUE,1.1712033413097e-13,"inferred","Bvy1UJ","textfile"
"A","G",-0.0196,0.0034,0.3083,334494,"rs17724992","exposure",TRUE,8.18003665316796e-09,"inferred","Bvy1UJ","textfile"
"C","G",0.0183,0.0033,0.675,338718,"rs14810","exposure",TRUE,2.93191497529361e-08,"inferred","Bvy1UJ","textfile"
"C","T",-0.0339,0.0038,0.175,312079,"rs11672660","exposure",TRUE,4.61877030196901e-19,"inferred","Bvy1UJ","textfile"
"T","A",0.0243,0.0043,0.7,234806,"rs9304665","exposure",TRUE,1.59366072109209e-08,"inferred","Bvy1UJ","textfile"
"C","T",-0.0185,0.0033,0.275,339045,"rs6091540","exposure",TRUE,2.06983510203154e-08,"inferred","Bvy1UJ","textfile"
"T","C",0.0169,0.003,0.65,337300,"rs2836754","exposure",TRUE,1.76759337427355e-08,"inferred","Bvy1UJ","textfile"
