"SNP","effect_allele.exposure","other_allele.exposure","effect_allele.outcome","other_allele.outcome","beta.exposure","beta.outcome","eaf.exposure","eaf.outcome","remove","palindromic","ambiguous","id.outcome","se.outcome","pval.outcome","outcome","mr_keep.outcome","pval_origin.outcome","data_source.outcome","se.exposure","exposure","mr_keep.exposure","pval.exposure","pval_origin.exposure","id.exposure","data_source.exposure","action","SNP_index","mr_keep","samplesize.outcome"
"rs1016287","C","T","C","T",-0.0228,-0.014087,0.675,0.699031,FALSE,FALSE,FALSE,"8zS8o8",0.0105738,0.182777612443859,"Coronary Heart Disease",TRUE,"reported","textfile",0.0033,"BMI",TRUE,4.87769320323165e-12,"inferred","rRPL32","textfile",2,1,TRUE,NA
"rs11057405","A","G","A","G",-0.0304,0.013737,0.0917,0.08181,FALSE,FALSE,FALSE,"8zS8o8",0.0191598,0.473392093332005,"Coronary Heart Disease",TRUE,"reported","textfile",0.0053,"BMI",TRUE,9.70250442129897e-09,"inferred","rRPL32","textfile",2,1,TRUE,NA
"rs11727676","C","T","C","T",-0.0365,0.036454,0.075,0.075365,FALSE,FALSE,FALSE,"8zS8o8",0.020208,0.0712409988574428,"Coronary Heart Disease",TRUE,"reported","textfile",0.0063,"BMI",TRUE,6.88725891903802e-09,"inferred","rRPL32","textfile",2,1,TRUE,NA
"rs12448257","A","G","A","G",0.0246,0.009661,0.225,0.224463,FALSE,FALSE,FALSE,"8zS8o8",0.0113483,0.394595383506176,"Coronary Heart Disease",TRUE,"reported","textfile",0.0037,"BMI",TRUE,2.95796151201193e-11,"inferred","rRPL32","textfile",2,1,TRUE,NA
"rs12939549","G","A","G","A",-0.0183,-0.015495,0.4583,0.407574,FALSE,FALSE,FALSE,"8zS8o8",0.009455,0.101250458840558,"Coronary Heart Disease",TRUE,"reported","textfile",0.0029,"BMI",TRUE,2.78414436916877e-10,"inferred","rRPL32","textfile",2,1,TRUE,NA
"rs12986742","C","T","C","T",0.0207,0.00822,0.5,0.464803,FALSE,FALSE,FALSE,"8zS8o8",0.0093952,0.381620766940274,"Coronary Heart Disease",TRUE,"reported","textfile",0.0036,"BMI",TRUE,8.92434490780322e-09,"inferred","rRPL32","textfile",2,1,TRUE,NA
"rs1528435","T","C","T","C",0.0175,0.018036,0.5833,0.62036,FALSE,FALSE,FALSE,"8zS8o8",0.0097863,0.0653311044223073,"Coronary Heart Disease",TRUE,"reported","textfile",0.003,"BMI",TRUE,5.43308747417622e-09,"inferred","rRPL32","textfile",2,1,TRUE,NA
"rs17203016","G","A","G","A",0.0211,0.020352,0.2,0.186737,FALSE,FALSE,FALSE,"8zS8o8",0.0122315,0.0961324476227927,"Coronary Heart Disease",TRUE,"reported","textfile",0.0038,"BMI",TRUE,2.81400752314046e-08,"inferred","rRPL32","textfile",2,1,TRUE,NA
"rs2176598","C","T","C","T",-0.0185,-0.026064,0.8,0.734895,FALSE,FALSE,FALSE,"8zS8o8",0.0111278,0.0191685825721049,"Coronary Heart Disease",TRUE,"reported","textfile",0.0033,"BMI",TRUE,2.06983510203154e-08,"inferred","rRPL32","textfile",2,1,TRUE,NA
"rs2588785","A","G","A","G",-0.0225,-0.008908,0.3167,0.283157,FALSE,FALSE,FALSE,"8zS8o8",0.0100731,0.376513020947638,"Coronary Heart Disease",TRUE,"reported","textfile",0.0033,"BMI",TRUE,9.21999103859309e-12,"inferred","rRPL32","textfile",2,1,TRUE,NA
"rs2836754","C","T","C","T",0.0169,-0.007723,0.65,0.544754,FALSE,FALSE,FALSE,"8zS8o8",0.0095191,0.417181460324726,"Coronary Heart Disease",TRUE,"reported","textfile",0.003,"BMI",TRUE,1.76759337427355e-08,"inferred","rRPL32","textfile",2,1,TRUE,NA
"rs2890652","C","T","C","T",0.0279,0.004026,0.125,0.162341,FALSE,FALSE,FALSE,"8zS8o8",0.0136382,0.767840472788479,"Coronary Heart Disease",TRUE,"reported","textfile",0.0049,"BMI",TRUE,1.24186163137658e-08,"inferred","rRPL32","textfile",2,1,TRUE,NA
"rs4740619","C","T","C","T",-0.017,-0.006546,0.4667,0.467784,FALSE,FALSE,FALSE,"8zS8o8",0.0092497,0.479130701216819,"Coronary Heart Disease",TRUE,"reported","textfile",0.0029,"BMI",TRUE,4.57135073311002e-09,"inferred","rRPL32","textfile",2,1,TRUE,NA
"rs6477694","T","C","T","C",-0.0169,-0.006108,0.6417,0.593079,FALSE,FALSE,FALSE,"8zS8o8",0.009418,0.516634019076694,"Coronary Heart Disease",TRUE,"reported","textfile",0.003,"BMI",TRUE,1.76759337427355e-08,"inferred","rRPL32","textfile",2,1,TRUE,NA
"rs6713510","A","G","A","G",0.0164,-0.037794,0.4833,0.485903,FALSE,FALSE,FALSE,"8zS8o8",0.0095125,7.1000269957767e-05,"Coronary Heart Disease",TRUE,"reported","textfile",0.0029,"BMI",TRUE,1.55689906287694e-08,"inferred","rRPL32","textfile",2,1,TRUE,NA
"rs9304665","A","T","A","T",0.0243,0.033171,0.7,0.689503,FALSE,TRUE,FALSE,"8zS8o8",0.010639,0.00182171317816798,"Coronary Heart Disease",TRUE,"reported","textfile",0.0043,"BMI",TRUE,1.59366072109209e-08,"inferred","rRPL32","textfile",2,1,TRUE,NA
"rs9374842","T","C","T","C",0.0196,0.013555,0.7417,0.723965,FALSE,FALSE,FALSE,"8zS8o8",0.0106053,0.201203253928031,"Coronary Heart Disease",TRUE,"reported","textfile",0.0034,"BMI",TRUE,8.18003665316796e-09,"inferred","rRPL32","textfile",2,1,TRUE,NA
"rs9579083","C","G","C","G",0.0295,0.024113,0.2333,0.171036,FALSE,TRUE,FALSE,"8zS8o8",0.0125889,0.0554383122176661,"Coronary Heart Disease",TRUE,"reported","textfile",0.0046,"BMI",TRUE,1.42642816547545e-10,"inferred","rRPL32","textfile",2,1,TRUE,NA
"rs977747","G","T","G","T",-0.0168,-0.013896,0.5333,0.550761,FALSE,FALSE,FALSE,"8zS8o8",0.0096146,0.148375091573934,"Coronary Heart Disease",TRUE,"reported","textfile",0.003,"BMI",TRUE,2.14351805166219e-08,"inferred","rRPL32","textfile",2,1,TRUE,NA
"rs9914578","G","C","G","C",0.0201,0.039991,0.1667,0.233647,FALSE,TRUE,FALSE,"8zS8o8",0.0107563,0.000200900029259588,"Coronary Heart Disease",TRUE,"reported","textfile",0.0036,"BMI",TRUE,2.35951889941825e-08,"inferred","rRPL32","textfile",2,1,TRUE,NA
